vehicle_id,vehicle_type,capacity
BUS001,Standard,50
BUS002,Standard,50
BUS003,Standard,50
BUS004,Standard,50
BUS005,Standard,50
BUS006,Standard,50
BUS007,Standard,50
BUS008,Standard,50
BUS009,Standard,50
BUS010,Standard,50
BUS011,Standard,50
BUS012,Standard,50
BUS013,Standard,50
BUS014,Standard,50
BUS015,Standard,50
BUS016,Standard,50
BUS017,Standard,50
BUS018,Standard,50
BUS019,Standard,50
BUS020,Standard,50
BUS021,Standard,50
BUS022,Standard,50
BUS023,Standard,50
BUS024,Standard,50
BUS025,Standard,50
BUS026,Standard,50
BUS027,Standard,50
BUS028,Standard,50
BUS029,Standard,50
BUS030,Standard,50
