trip_id,service_date,route_id,route_name,origin,destination,scheduled_departure,scheduled_arrival,actual_departure,actual_arrival,delay_minutes,status,vehicle_id,passenger_count,weather_condition,traffic_level,event_type
T030001,2026-09-03,R101,City Center - University,Central Bus Stand,MMMUT Campus,2026-09-03 18:10:00,2026-09-03 18:18:00,2026-09-03 18:17:00,2026-09-03 18:25:00,7.0,completed,BUS023,37,Clear,Low,None
T030002,2026-09-03,R102,Railway Station - Airport,Railway Station,Airport Terminal,2026-09-03 14:30:00,2026-09-03 14:41:00,2026-09-03 14:46:00,2026-09-03 14:57:00,16.0,completed,BUS019,32,Clear,Medium,None
T030003,2026-09-03,R103,University - Civil Lines,MMMUT Campus,Civil Lines,2026-09-03 19:00:00,2026-09-03 19:07:00,2026-09-03 19:19:00,2026-09-03 19:26:00,19.0,completed,BUS015,23,Clear,Severe,None
T030004,2026-09-03,R104,Medical College - City Center,Medical College,Central Bus Stand,2026-09-03 09:50:00,2026-09-03 09:59:00,2026-09-03 09:55:00,2026-09-03 10:03:00,5.0,completed,BUS026,23,Cloudy,Low,None
T030005,2026-09-03,R105,Golghar - Railway Station,Golghar,Railway Station,2026-09-03 06:30:00,2026-09-03 06:36:30,2026-09-03 06:39:00,2026-09-03 06:44:00,9.0,completed,BUS026,20,Clear,Low,None
T030006,2026-09-03,R106,University - Railway Station,MMMUT Campus,Railway Station,2026-09-03 11:10:00,2026-09-03 11:20:00,2026-09-03 11:23:00,2026-09-03 11:30:00,13.0,completed,BUS013,38,Rain,High,None
T030007,2026-09-03,R107,Taramandal - City Center,Taramandal,Central Bus Stand,2026-09-03 07:00:00,2026-09-03 07:08:30,2026-09-03 07:19:00,2026-09-03 07:26:00,19.0,completed,BUS009,41,Heavy Rain,Medium,None
T030008,2026-09-03,R108,Airport - University,Airport Terminal,MMMUT Campus,2026-09-03 15:20:00,2026-09-03 15:32:00,2026-09-03 15:46:00,2026-09-03 15:59:00,26.0,completed,BUS023,50,Rain,High,None
T030009,2026-09-03,R109,Medical College - University,Medical College,MMMUT Campus,2026-09-03 10:40:00,2026-09-03 10:47:30,2026-09-03 10:42:00,2026-09-03 10:48:00,2.0,completed,BUS030,6,Clear,Low,None
T030010,2026-09-03,R110,Gorakhnath - City Center,Gorakhnath,Central Bus Stand,2026-09-03 17:40:00,2026-09-03 17:45:30,2026-09-03 17:46:00,2026-09-03 17:51:00,6.0,completed,BUS013,29,Clear,Low,None
T030011,2026-09-03,R101,City Center - University,Central Bus Stand,MMMUT Campus,2026-09-03 10:40:00,2026-09-03 10:48:00,2026-09-03 10:50:00,2026-09-03 10:56:00,10.0,completed,BUS018,30,Clear,High,None
T030012,2026-09-03,R102,Railway Station - Airport,Railway Station,Airport Terminal,2026-09-03 09:00:00,2026-09-03 09:11:00,2026-09-03 09:16:00,2026-09-03 09:30:00,16.0,completed,BUS005,24,Clear,Low,None
T030013,2026-09-03,R103,University - Civil Lines,MMMUT Campus,Civil Lines,2026-09-03 17:00:00,2026-09-03 17:07:00,2026-09-03 17:08:00,2026-09-03 17:13:00,8.0,completed,BUS019,36,Clear,Low,None
T030014,2026-09-03,R104,Medical College - City Center,Medical College,Central Bus Stand,2026-09-03 20:40:00,2026-09-03 20:49:00,,,,cancelled,BUS012,46,Rain,Medium,None
T030015,2026-09-03,R105,Golghar - Railway Station,Golghar,Railway Station,2026-09-03 17:20:00,2026-09-03 17:26:30,2026-09-03 17:35:00,2026-09-03 17:43:00,15.0,completed,BUS026,23,Cloudy,High,None
T030016,2026-09-03,R106,University - Railway Station,MMMUT Campus,Railway Station,2026-09-03 09:30:00,2026-09-03 09:40:00,2026-09-03 09:37:00,2026-09-03 09:47:00,7.0,completed,BUS017,50,Clear,Medium,None
T030017,2026-09-03,R107,Taramandal - City Center,Taramandal,Central Bus Stand,2026-09-03 12:40:00,2026-09-03 12:48:30,2026-09-03 13:02:00,2026-09-03 13:11:00,22.0,completed,BUS018,38,Clear,Severe,None
T030018,2026-09-03,R108,Airport - University,Airport Terminal,MMMUT Campus,2026-09-03 20:20:00,2026-09-03 20:32:00,2026-09-03 20:36:00,2026-09-03 20:46:00,16.0,completed,BUS029,21,Clear,Medium,None
T030019,2026-09-03,R109,Medical College - University,Medical College,MMMUT Campus,2026-09-03 08:50:00,2026-09-03 08:57:30,2026-09-03 08:53:00,2026-09-03 08:58:00,3.0,completed,BUS006,3,Clear,Medium,None
T030020,2026-09-03,R110,Gorakhnath - City Center,Gorakhnath,Central Bus Stand,2026-09-03 15:10:00,2026-09-03 15:15:30,2026-09-03 15:14:00,2026-09-03 15:19:00,4.0,completed,BUS024,48,Clear,Medium,None
T030021,2026-09-03,R101,City Center - University,Central Bus Stand,MMMUT Campus,2026-09-03 09:00:00,2026-09-03 09:08:00,2026-09-03 09:09:00,2026-09-03 09:19:00,9.0,completed,BUS028,35,Clear,Medium,Local Event
T030022,2026-09-03,R102,Railway Station - Airport,Railway Station,Airport Terminal,2026-09-03 17:30:00,2026-09-03 17:41:00,2026-09-03 17:39:00,2026-09-03 17:52:00,9.0,completed,BUS016,22,Clear,Medium,None
T030023,2026-09-03,R103,University - Civil Lines,MMMUT Campus,Civil Lines,2026-09-03 15:50:00,2026-09-03 15:57:00,2026-09-03 15:55:00,2026-09-03 16:02:00,5.0,completed,BUS019,23,Cloudy,Low,None
T030024,2026-09-03,R104,Medical College - City Center,Medical College,Central Bus Stand,2026-09-03 10:10:00,2026-09-03 10:19:00,2026-09-03 10:24:00,2026-09-03 10:34:00,14.0,completed,BUS025,35,Cloudy,Low,Festival
T030025,2026-09-03,R105,Golghar - Railway Station,Golghar,Railway Station,2026-09-03 07:30:00,2026-09-03 07:36:30,2026-09-03 07:37:00,2026-09-03 07:42:00,7.0,completed,BUS030,29,Clear,Low,None
T030026,2026-09-03,R106,University - Railway Station,MMMUT Campus,Railway Station,2026-09-03 17:10:00,2026-09-03 17:20:00,2026-09-03 17:22:00,2026-09-03 17:33:00,12.0,completed,BUS020,35,Cloudy,Medium,None
T030027,2026-09-03,R107,Taramandal - City Center,Taramandal,Central Bus Stand,2026-09-03 09:50:00,2026-09-03 09:58:30,2026-09-03 10:02:00,2026-09-03 10:13:00,12.0,completed,BUS019,35,Cloudy,Medium,None
T030028,2026-09-03,R108,Airport - University,Airport Terminal,MMMUT Campus,2026-09-03 18:00:00,2026-09-03 18:12:00,2026-09-03 18:15:00,2026-09-03 18:28:00,15.0,completed,BUS026,15,Clear,High,None
T030029,2026-09-03,R109,Medical College - University,Medical College,MMMUT Campus,2026-09-03 15:50:00,2026-09-03 15:57:30,2026-09-03 16:04:00,2026-09-03 16:09:00,14.0,completed,BUS019,30,Clear,High,None
T030030,2026-09-03,R110,Gorakhnath - City Center,Gorakhnath,Central Bus Stand,2026-09-03 12:40:00,2026-09-03 12:45:30,2026-09-03 12:53:00,2026-09-03 12:58:00,13.0,completed,BUS008,40,Heavy Rain,Medium,None
T030031,2026-09-03,R101,City Center - University,Central Bus Stand,MMMUT Campus,2026-09-03 17:00:00,2026-09-03 17:08:00,2026-09-03 17:07:00,2026-09-03 17:12:00,7.0,completed,BUS023,50,Cloudy,Medium,None
T030032,2026-09-03,R102,Railway Station - Airport,Railway Station,Airport Terminal,2026-09-03 13:10:00,2026-09-03 13:21:00,2026-09-03 13:19:00,2026-09-03 13:30:00,9.0,completed,BUS022,23,Clear,Medium,None
T030033,2026-09-03,R103,University - Civil Lines,MMMUT Campus,Civil Lines,2026-09-03 18:50:00,2026-09-03 18:57:00,2026-09-03 19:01:00,2026-09-03 19:08:00,11.0,completed,BUS013,46,Clear,Medium,None
T030034,2026-09-03,R104,Medical College - City Center,Medical College,Central Bus Stand,2026-09-03 18:20:00,2026-09-03 18:29:00,2026-09-03 18:26:00,2026-09-03 18:36:00,6.0,completed,BUS019,31,Clear,Low,None
T030035,2026-09-03,R105,Golghar - Railway Station,Golghar,Railway Station,2026-09-03 08:20:00,2026-09-03 08:26:30,2026-09-03 08:39:00,2026-09-03 08:45:00,19.0,completed,BUS012,48,Rain,Severe,None
T030036,2026-09-03,R106,University - Railway Station,MMMUT Campus,Railway Station,2026-09-03 13:50:00,2026-09-03 14:00:00,2026-09-03 13:54:00,2026-09-03 14:07:00,4.0,completed,BUS008,12,Clear,Low,None
T030037,2026-09-03,R107,Taramandal - City Center,Taramandal,Central Bus Stand,2026-09-03 18:20:00,2026-09-03 18:28:30,2026-09-03 18:42:00,2026-09-03 18:48:00,22.0,completed,BUS013,10,Clear,High,None
T030038,2026-09-03,R108,Airport - University,Airport Terminal,MMMUT Campus,2026-09-03 15:40:00,2026-09-03 15:52:00,2026-09-03 16:03:00,2026-09-03 16:13:00,23.0,completed,BUS010,45,Clear,High,Local Event
T030039,2026-09-03,R109,Medical College - University,Medical College,MMMUT Campus,2026-09-03 07:40:00,2026-09-03 07:47:30,2026-09-03 08:04:00,2026-09-03 08:09:00,24.0,completed,BUS010,30,Heavy Rain,Severe,None
T030040,2026-09-03,R110,Gorakhnath - City Center,Gorakhnath,Central Bus Stand,2026-09-03 17:00:00,2026-09-03 17:05:30,2026-09-03 17:09:00,2026-09-03 17:14:00,9.0,completed,BUS002,40,Clear,High,None
T030041,2026-09-03,R101,City Center - University,Central Bus Stand,MMMUT Campus,2026-09-03 10:10:00,2026-09-03 10:18:00,2026-09-03 10:10:00,2026-09-03 10:18:00,0.0,completed,BUS003,23,Clear,Medium,None
T030042,2026-09-03,R102,Railway Station - Airport,Railway Station,Airport Terminal,2026-09-03 20:40:00,2026-09-03 20:51:00,2026-09-03 20:50:00,2026-09-03 21:01:00,10.0,completed,BUS006,31,Cloudy,Low,None
T030043,2026-09-03,R103,University - Civil Lines,MMMUT Campus,Civil Lines,2026-09-03 07:30:00,2026-09-03 07:37:00,2026-09-03 07:41:00,2026-09-03 07:49:00,11.0,completed,BUS019,47,Heavy Rain,Medium,None
T030044,2026-09-03,R104,Medical College - City Center,Medical College,Central Bus Stand,2026-09-03 13:20:00,2026-09-03 13:29:00,2026-09-03 13:26:00,2026-09-03 13:38:00,6.0,completed,BUS004,38,Cloudy,Medium,None
T030045,2026-09-03,R105,Golghar - Railway Station,Golghar,Railway Station,2026-09-03 19:10:00,2026-09-03 19:16:30,2026-09-03 19:20:00,2026-09-03 19:29:00,10.0,completed,BUS004,45,Fog,Medium,None
T030046,2026-09-03,R106,University - Railway Station,MMMUT Campus,Railway Station,2026-09-03 19:50:00,2026-09-03 20:00:00,2026-09-03 20:04:00,2026-09-03 20:13:00,14.0,completed,BUS014,45,Clear,High,None
T030047,2026-09-03,R107,Taramandal - City Center,Taramandal,Central Bus Stand,2026-09-03 10:50:00,2026-09-03 10:58:30,2026-09-03 11:02:00,2026-09-03 11:16:00,12.0,completed,BUS020,48,Cloudy,Medium,None
T030048,2026-09-03,R108,Airport - University,Airport Terminal,MMMUT Campus,2026-09-03 08:30:00,2026-09-03 08:42:00,,,,cancelled,BUS012,50,Rain,Low,None
T030049,2026-09-03,R109,Medical College - University,Medical College,MMMUT Campus,2026-09-03 17:10:00,2026-09-03 17:17:30,2026-09-03 17:20:00,2026-09-03 17:28:00,10.0,completed,BUS006,29,Clear,Medium,None
T030050,2026-09-03,R110,Gorakhnath - City Center,Gorakhnath,Central Bus Stand,2026-09-03 10:10:00,2026-09-03 10:15:30,2026-09-03 10:23:00,2026-09-03 10:28:00,13.0,completed,BUS023,47,Cloudy,High,None
T030051,2026-09-03,R101,City Center - University,Central Bus Stand,MMMUT Campus,2026-09-03 13:40:00,2026-09-03 13:48:00,2026-09-03 13:43:00,2026-09-03 13:55:00,3.0,completed,BUS004,34,Clear,Low,None
T030052,2026-09-03,R102,Railway Station - Airport,Railway Station,Airport Terminal,2026-09-03 18:30:00,2026-09-03 18:41:00,2026-09-03 18:41:00,2026-09-03 18:51:00,11.0,completed,BUS014,24,Clear,Medium,None
T030053,2026-09-03,R103,University - Civil Lines,MMMUT Campus,Civil Lines,2026-09-03 17:20:00,2026-09-03 17:27:00,2026-09-03 17:26:00,2026-09-03 17:33:00,6.0,completed,BUS030,11,Clear,Medium,None
T030054,2026-09-03,R104,Medical College - City Center,Medical College,Central Bus Stand,2026-09-03 14:10:00,2026-09-03 14:19:00,2026-09-03 14:22:00,2026-09-03 14:30:00,12.0,completed,BUS028,26,Clear,Medium,None
T030055,2026-09-03,R105,Golghar - Railway Station,Golghar,Railway Station,2026-09-03 09:50:00,2026-09-03 09:56:30,2026-09-03 10:07:00,2026-09-03 10:14:00,17.0,completed,BUS011,50,Fog,High,None
T030056,2026-09-03,R106,University - Railway Station,MMMUT Campus,Railway Station,2026-09-03 18:30:00,2026-09-03 18:40:00,2026-09-03 18:55:00,2026-09-03 19:05:00,25.0,completed,BUS014,48,Rain,High,Festival
T030057,2026-09-03,R107,Taramandal - City Center,Taramandal,Central Bus Stand,2026-09-03 11:10:00,2026-09-03 11:18:30,2026-09-03 11:23:00,2026-09-03 11:34:00,13.0,completed,BUS019,44,Clear,Medium,None
T030058,2026-09-03,R108,Airport - University,Airport Terminal,MMMUT Campus,2026-09-03 08:10:00,2026-09-03 08:22:00,2026-09-03 08:29:00,2026-09-03 08:41:00,19.0,completed,BUS016,28,Clear,Medium,None
T030059,2026-09-03,R109,Medical College - University,Medical College,MMMUT Campus,2026-09-03 14:40:00,2026-09-03 14:47:30,2026-09-03 14:51:00,2026-09-03 14:59:00,11.0,completed,BUS025,50,Fog,Low,None
T030060,2026-09-03,R110,Gorakhnath - City Center,Gorakhnath,Central Bus Stand,2026-09-03 09:30:00,2026-09-03 09:35:30,2026-09-03 09:36:00,2026-09-03 09:42:00,6.0,completed,BUS022,18,Clear,High,None
T030061,2026-09-03,R101,City Center - University,Central Bus Stand,MMMUT Campus,2026-09-03 08:10:00,2026-09-03 08:18:00,2026-09-03 08:22:00,2026-09-03 08:32:00,12.0,completed,BUS027,13,Rain,High,None
T030062,2026-09-03,R102,Railway Station - Airport,Railway Station,Airport Terminal,2026-09-03 14:10:00,2026-09-03 14:21:00,2026-09-03 14:29:00,2026-09-03 14:41:00,19.0,completed,BUS001,24,Cloudy,Low,Festival
T030063,2026-09-03,R103,University - Civil Lines,MMMUT Campus,Civil Lines,2026-09-03 18:00:00,2026-09-03 18:07:00,2026-09-03 18:20:00,2026-09-03 18:28:00,20.0,completed,BUS012,31,Rain,Severe,None
T030064,2026-09-03,R104,Medical College - City Center,Medical College,Central Bus Stand,2026-09-03 07:10:00,2026-09-03 07:19:00,2026-09-03 07:25:00,2026-09-03 07:32:00,15.0,completed,BUS005,41,Clear,Medium,None
T030065,2026-09-03,R105,Golghar - Railway Station,Golghar,Railway Station,2026-09-03 18:30:00,2026-09-03 18:36:30,2026-09-03 18:44:00,2026-09-03 18:50:00,14.0,completed,BUS004,15,Clear,High,Road Work
T030066,2026-09-03,R106,University - Railway Station,MMMUT Campus,Railway Station,2026-09-03 09:30:00,2026-09-03 09:40:00,2026-09-03 09:39:00,2026-09-03 09:46:00,9.0,completed,BUS003,32,Cloudy,Low,None
T030067,2026-09-03,R107,Taramandal - City Center,Taramandal,Central Bus Stand,2026-09-03 09:10:00,2026-09-03 09:18:30,2026-09-03 09:16:00,2026-09-03 09:26:00,6.0,completed,BUS026,31,Clear,Low,None
T030068,2026-09-03,R108,Airport - University,Airport Terminal,MMMUT Campus,2026-09-03 18:00:00,2026-09-03 18:12:00,2026-09-03 18:24:00,2026-09-03 18:34:00,24.0,completed,BUS026,29,Rain,High,None
T030069,2026-09-03,R109,Medical College - University,Medical College,MMMUT Campus,2026-09-03 12:20:00,2026-09-03 12:27:30,2026-09-03 12:34:00,2026-09-03 12:44:00,14.0,completed,BUS021,13,Rain,Low,None
T030070,2026-09-03,R110,Gorakhnath - City Center,Gorakhnath,Central Bus Stand,2026-09-03 07:10:00,2026-09-03 07:15:30,2026-09-03 07:18:00,2026-09-03 07:23:00,8.0,completed,BUS028,23,Fog,Low,None
T030071,2026-09-03,R101,City Center - University,Central Bus Stand,MMMUT Campus,2026-09-03 08:00:00,2026-09-03 08:08:00,2026-09-03 08:04:00,2026-09-03 08:13:00,4.0,completed,BUS005,32,Cloudy,Low,None
T030072,2026-09-03,R102,Railway Station - Airport,Railway Station,Airport Terminal,2026-09-03 20:20:00,2026-09-03 20:31:00,,,,cancelled,BUS001,20,Cloudy,Low,None
T030073,2026-09-03,R103,University - Civil Lines,MMMUT Campus,Civil Lines,2026-09-03 17:20:00,2026-09-03 17:27:00,2026-09-03 17:27:00,2026-09-03 17:33:00,7.0,completed,BUS010,21,Cloudy,Low,None
T030074,2026-09-03,R104,Medical College - City Center,Medical College,Central Bus Stand,2026-09-03 14:30:00,2026-09-03 14:39:00,2026-09-03 14:48:00,2026-09-03 14:58:00,18.0,completed,BUS004,28,Cloudy,Severe,None
T030075,2026-09-03,R105,Golghar - Railway Station,Golghar,Railway Station,2026-09-03 06:00:00,2026-09-03 06:06:30,2026-09-03 06:04:00,2026-09-03 06:14:00,4.0,completed,BUS001,20,Clear,Low,None
T030076,2026-09-03,R106,University - Railway Station,MMMUT Campus,Railway Station,2026-09-03 08:00:00,2026-09-03 08:10:00,2026-09-03 08:11:00,2026-09-03 08:21:00,11.0,completed,BUS002,26,Cloudy,High,None
T030077,2026-09-03,R107,Taramandal - City Center,Taramandal,Central Bus Stand,2026-09-03 09:40:00,2026-09-03 09:48:30,2026-09-03 10:00:00,2026-09-03 10:07:00,20.0,completed,BUS022,39,Clear,Medium,Road Work
T030078,2026-09-03,R108,Airport - University,Airport Terminal,MMMUT Campus,2026-09-03 08:40:00,2026-09-03 08:52:00,2026-09-03 08:53:00,2026-09-03 09:05:00,13.0,completed,BUS029,26,Clear,Medium,None
T030079,2026-09-03,R109,Medical College - University,Medical College,MMMUT Campus,2026-09-03 18:20:00,2026-09-03 18:27:30,2026-09-03 18:35:00,2026-09-03 18:44:00,15.0,completed,BUS024,33,Cloudy,High,None
T030080,2026-09-03,R110,Gorakhnath - City Center,Gorakhnath,Central Bus Stand,2026-09-03 12:20:00,2026-09-03 12:25:30,2026-09-03 12:30:00,2026-09-03 12:36:00,10.0,completed,BUS001,45,Rain,Medium,None
T030081,2026-09-03,R101,City Center - University,Central Bus Stand,MMMUT Campus,2026-09-03 13:20:00,2026-09-03 13:28:00,2026-09-03 13:30:00,2026-09-03 13:43:00,10.0,completed,BUS025,44,Fog,Low,None
T030082,2026-09-03,R102,Railway Station - Airport,Railway Station,Airport Terminal,2026-09-03 08:10:00,2026-09-03 08:21:00,2026-09-03 08:19:00,2026-09-03 08:27:00,9.0,completed,BUS011,24,Clear,High,None
T030083,2026-09-03,R103,University - Civil Lines,MMMUT Campus,Civil Lines,2026-09-03 20:30:00,2026-09-03 20:37:00,2026-09-03 20:37:00,2026-09-03 20:46:00,7.0,completed,BUS020,42,Clear,Low,None
T030084,2026-09-03,R104,Medical College - City Center,Medical College,Central Bus Stand,2026-09-03 17:10:00,2026-09-03 17:19:00,2026-09-03 17:26:00,2026-09-03 17:36:00,16.0,completed,BUS027,36,Clear,High,None
T030085,2026-09-03,R105,Golghar - Railway Station,Golghar,Railway Station,2026-09-03 07:00:00,2026-09-03 07:06:30,2026-09-03 07:00:00,2026-09-03 07:05:00,0.0,completed,BUS019,15,Clear,Medium,None
T030086,2026-09-03,R106,University - Railway Station,MMMUT Campus,Railway Station,2026-09-03 09:00:00,2026-09-03 09:10:00,2026-09-03 09:12:00,2026-09-03 09:21:00,12.0,completed,BUS014,41,Clear,Medium,None
T030087,2026-09-03,R107,Taramandal - City Center,Taramandal,Central Bus Stand,2026-09-03 07:50:00,2026-09-03 07:58:30,2026-09-03 07:58:00,2026-09-03 08:06:00,8.0,completed,BUS015,37,Clear,Medium,None
T030088,2026-09-03,R108,Airport - University,Airport Terminal,MMMUT Campus,2026-09-03 08:00:00,2026-09-03 08:12:00,2026-09-03 08:12:00,2026-09-03 08:23:00,12.0,completed,BUS028,49,Cloudy,Low,None
T030089,2026-09-03,R109,Medical College - University,Medical College,MMMUT Campus,2026-09-03 20:10:00,2026-09-03 20:17:30,2026-09-03 20:18:00,2026-09-03 20:23:00,8.0,completed,BUS020,47,Rain,Medium,None
T030090,2026-09-03,R110,Gorakhnath - City Center,Gorakhnath,Central Bus Stand,2026-09-03 14:10:00,2026-09-03 14:15:30,2026-09-03 14:15:00,2026-09-03 14:22:00,5.0,completed,BUS025,46,Cloudy,Low,None
T030091,2026-09-03,R101,City Center - University,Central Bus Stand,MMMUT Campus,2026-09-03 19:00:00,2026-09-03 19:08:00,2026-09-03 19:06:00,2026-09-03 19:14:00,6.0,completed,BUS027,17,Clear,Low,None
T030092,2026-09-03,R102,Railway Station - Airport,Railway Station,Airport Terminal,2026-09-03 17:20:00,2026-09-03 17:31:00,2026-09-03 17:39:00,2026-09-03 17:51:00,19.0,completed,BUS007,25,Clear,High,None
T030093,2026-09-03,R103,University - Civil Lines,MMMUT Campus,Civil Lines,2026-09-03 14:20:00,2026-09-03 14:27:00,2026-09-03 14:28:00,2026-09-03 14:36:00,8.0,completed,BUS004,16,Cloudy,Medium,None
T030094,2026-09-03,R104,Medical College - City Center,Medical College,Central Bus Stand,2026-09-03 07:20:00,2026-09-03 07:29:00,2026-09-03 07:39:00,2026-09-03 07:47:00,19.0,completed,BUS010,30,Heavy Rain,Low,None
T030095,2026-09-03,R105,Golghar - Railway Station,Golghar,Railway Station,2026-09-03 16:20:00,2026-09-03 16:26:30,2026-09-03 16:31:00,2026-09-03 16:37:00,11.0,completed,BUS021,33,Fog,Low,None
T030096,2026-09-03,R106,University - Railway Station,MMMUT Campus,Railway Station,2026-09-03 20:40:00,2026-09-03 20:50:00,2026-09-03 21:04:00,2026-09-03 21:13:00,24.0,completed,BUS005,35,Rain,Severe,None
T030097,2026-09-03,R107,Taramandal - City Center,Taramandal,Central Bus Stand,2026-09-03 17:40:00,2026-09-03 17:48:30,2026-09-03 17:55:00,2026-09-03 18:05:00,15.0,completed,BUS019,49,Cloudy,High,None
T030098,2026-09-03,R108,Airport - University,Airport Terminal,MMMUT Campus,2026-09-03 16:40:00,2026-09-03 16:52:00,2026-09-03 16:57:00,2026-09-03 17:07:00,17.0,completed,BUS023,25,Clear,High,None
T030099,2026-09-03,R109,Medical College - University,Medical College,MMMUT Campus,2026-09-03 08:10:00,2026-09-03 08:17:30,2026-09-03 08:25:00,2026-09-03 08:34:00,15.0,completed,BUS018,40,Clear,High,None
T030100,2026-09-03,R110,Gorakhnath - City Center,Gorakhnath,Central Bus Stand,2026-09-03 18:10:00,2026-09-03 18:15:30,2026-09-03 18:16:00,2026-09-03 18:21:00,6.0,completed,BUS015,50,Clear,Low,None
T030101,2026-09-03,R101,City Center - University,Central Bus Stand,MMMUT Campus,2026-09-03 18:40:00,2026-09-03 18:48:00,2026-09-03 18:49:00,2026-09-03 19:01:00,9.0,completed,BUS021,43,Rain,Medium,None
T030102,2026-09-03,R102,Railway Station - Airport,Railway Station,Airport Terminal,2026-09-03 12:00:00,2026-09-03 12:11:00,2026-09-03 12:22:00,2026-09-03 12:34:00,22.0,completed,BUS010,34,Cloudy,Medium,Road Work
T030103,2026-09-03,R103,University - Civil Lines,MMMUT Campus,Civil Lines,2026-09-03 17:00:00,2026-09-03 17:07:00,2026-09-03 17:10:00,2026-09-03 17:16:00,10.0,completed,BUS017,50,Cloudy,Medium,None
T030104,2026-09-03,R104,Medical College - City Center,Medical College,Central Bus Stand,2026-09-03 06:20:00,2026-09-03 06:29:00,2026-09-03 06:27:00,2026-09-03 06:35:00,7.0,completed,BUS027,12,Clear,Medium,None
T030105,2026-09-03,R105,Golghar - Railway Station,Golghar,Railway Station,2026-09-03 17:10:00,2026-09-03 17:16:30,2026-09-03 17:18:00,2026-09-03 17:25:00,8.0,completed,BUS028,18,Fog,Medium,None
T030106,2026-09-03,R106,University - Railway Station,MMMUT Campus,Railway Station,2026-09-03 17:30:00,2026-09-03 17:40:00,2026-09-03 17:44:00,2026-09-03 17:54:00,14.0,completed,BUS004,50,Cloudy,High,None
T030107,2026-09-03,R107,Taramandal - City Center,Taramandal,Central Bus Stand,2026-09-03 18:30:00,2026-09-03 18:38:30,2026-09-03 18:56:00,2026-09-03 19:06:00,26.0,completed,BUS008,32,Rain,Severe,None
T030108,2026-09-03,R108,Airport - University,Airport Terminal,MMMUT Campus,2026-09-03 13:50:00,2026-09-03 14:02:00,2026-09-03 14:15:00,2026-09-03 14:24:00,25.0,completed,BUS012,31,Cloudy,Severe,None
T030109,2026-09-03,R109,Medical College - University,Medical College,MMMUT Campus,2026-09-03 17:00:00,2026-09-03 17:07:30,2026-09-03 17:14:00,2026-09-03 17:21:00,14.0,completed,BUS024,42,Rain,High,None
T030110,2026-09-03,R110,Gorakhnath - City Center,Gorakhnath,Central Bus Stand,2026-09-03 14:30:00,2026-09-03 14:35:30,2026-09-03 14:32:00,2026-09-03 14:40:00,2.0,completed,BUS011,21,Clear,Low,None
T030111,2026-09-03,R101,City Center - University,Central Bus Stand,MMMUT Campus,2026-09-03 12:00:00,2026-09-03 12:08:00,2026-09-03 12:12:00,2026-09-03 12:20:00,12.0,completed,BUS003,50,Rain,Low,None
T030112,2026-09-03,R102,Railway Station - Airport,Railway Station,Airport Terminal,2026-09-03 18:10:00,2026-09-03 18:21:00,2026-09-03 18:23:00,2026-09-03 18:33:00,13.0,completed,BUS009,45,Cloudy,Medium,None
T030113,2026-09-03,R103,University - Civil Lines,MMMUT Campus,Civil Lines,2026-09-03 14:20:00,2026-09-03 14:27:00,2026-09-03 14:36:00,2026-09-03 14:44:00,16.0,completed,BUS015,40,Clear,Severe,None
T030114,2026-09-03,R104,Medical College - City Center,Medical College,Central Bus Stand,2026-09-03 15:20:00,2026-09-03 15:29:00,2026-09-03 15:39:00,2026-09-03 15:48:00,19.0,completed,BUS012,33,Clear,Low,Road Work
T030115,2026-09-03,R105,Golghar - Railway Station,Golghar,Railway Station,2026-09-03 08:20:00,2026-09-03 08:26:30,2026-09-03 08:40:00,2026-09-03 08:45:00,20.0,completed,BUS029,29,Rain,Medium,Road Work
T030116,2026-09-03,R106,University - Railway Station,MMMUT Campus,Railway Station,2026-09-03 17:20:00,2026-09-03 17:30:00,2026-09-03 17:31:00,2026-09-03 17:39:00,11.0,completed,BUS020,42,Fog,Medium,None
T030117,2026-09-03,R107,Taramandal - City Center,Taramandal,Central Bus Stand,2026-09-03 09:30:00,2026-09-03 09:38:30,2026-09-03 09:50:00,2026-09-03 09:59:00,20.0,completed,BUS017,29,Clear,High,None
T030118,2026-09-03,R108,Airport - University,Airport Terminal,MMMUT Campus,2026-09-03 09:30:00,2026-09-03 09:42:00,2026-09-03 09:47:00,2026-09-03 10:02:00,17.0,completed,BUS017,50,Clear,Medium,None
T030119,2026-09-03,R109,Medical College - University,Medical College,MMMUT Campus,2026-09-03 18:10:00,2026-09-03 18:17:30,2026-09-03 18:24:00,2026-09-03 18:29:00,14.0,completed,BUS021,38,Clear,High,None
T030120,2026-09-03,R110,Gorakhnath - City Center,Gorakhnath,Central Bus Stand,2026-09-03 09:40:00,2026-09-03 09:45:30,2026-09-03 09:43:00,2026-09-03 09:48:00,3.0,completed,BUS014,43,Clear,Medium,None
T030121,2026-09-03,R101,City Center - University,Central Bus Stand,MMMUT Campus,2026-09-03 08:00:00,2026-09-03 08:08:00,2026-09-03 08:15:00,2026-09-03 08:22:00,15.0,completed,BUS002,35,Clear,Severe,None
T030122,2026-09-03,R102,Railway Station - Airport,Railway Station,Airport Terminal,2026-09-03 06:40:00,2026-09-03 06:51:00,2026-09-03 06:58:00,2026-09-03 07:09:00,18.0,completed,BUS019,23,Clear,Medium,Local Event
T030123,2026-09-03,R103,University - Civil Lines,MMMUT Campus,Civil Lines,2026-09-03 09:30:00,2026-09-03 09:37:00,2026-09-03 09:39:00,2026-09-03 09:46:00,9.0,completed,BUS011,28,Clear,High,None
T030124,2026-09-03,R104,Medical College - City Center,Medical College,Central Bus Stand,2026-09-03 09:10:00,2026-09-03 09:19:00,2026-09-03 09:24:00,2026-09-03 09:33:00,14.0,completed,BUS029,40,Clear,Medium,Local Event
T030125,2026-09-03,R105,Golghar - Railway Station,Golghar,Railway Station,2026-09-03 20:50:00,2026-09-03 20:56:30,2026-09-03 20:52:00,2026-09-03 21:01:00,2.0,completed,BUS016,33,Clear,Medium,None
T030126,2026-09-03,R106,University - Railway Station,MMMUT Campus,Railway Station,2026-09-03 15:10:00,2026-09-03 15:20:00,2026-09-03 15:20:00,2026-09-03 15:27:00,10.0,completed,BUS011,41,Clear,High,None
T030127,2026-09-03,R107,Taramandal - City Center,Taramandal,Central Bus Stand,2026-09-03 08:10:00,2026-09-03 08:18:30,2026-09-03 08:23:00,2026-09-03 08:32:00,13.0,completed,BUS009,17,Clear,Low,Local Event
T030128,2026-09-03,R108,Airport - University,Airport Terminal,MMMUT Campus,2026-09-03 09:20:00,2026-09-03 09:32:00,2026-09-03 09:37:00,2026-09-03 09:49:00,17.0,completed,BUS017,37,Clear,High,None
T030129,2026-09-03,R109,Medical College - University,Medical College,MMMUT Campus,2026-09-03 10:30:00,2026-09-03 10:37:30,2026-09-03 10:39:00,2026-09-03 10:51:00,9.0,completed,BUS016,14,Cloudy,Medium,None
T030130,2026-09-03,R110,Gorakhnath - City Center,Gorakhnath,Central Bus Stand,2026-09-03 18:00:00,2026-09-03 18:05:30,2026-09-03 18:12:00,2026-09-03 18:18:00,12.0,completed,BUS023,28,Clear,Medium,None
T030131,2026-09-03,R101,City Center - University,Central Bus Stand,MMMUT Campus,2026-09-03 13:50:00,2026-09-03 13:58:00,2026-09-03 13:54:00,2026-09-03 13:59:00,4.0,completed,BUS009,9,Clear,Medium,None
T030132,2026-09-03,R102,Railway Station - Airport,Railway Station,Airport Terminal,2026-09-03 16:00:00,2026-09-03 16:11:00,2026-09-03 16:11:00,2026-09-03 16:16:00,11.0,completed,BUS026,30,Clear,Medium,None
T030133,2026-09-03,R103,University - Civil Lines,MMMUT Campus,Civil Lines,2026-09-03 08:00:00,2026-09-03 08:07:00,2026-09-03 08:04:00,2026-09-03 08:09:00,4.0,completed,BUS021,20,Clear,Low,None
T030134,2026-09-03,R104,Medical College - City Center,Medical College,Central Bus Stand,2026-09-03 14:40:00,2026-09-03 14:49:00,2026-09-03 14:58:00,2026-09-03 15:07:00,18.0,completed,BUS002,27,Cloudy,High,Local Event
T030135,2026-09-03,R105,Golghar - Railway Station,Golghar,Railway Station,2026-09-03 13:20:00,2026-09-03 13:26:30,2026-09-03 13:34:00,2026-09-03 13:40:00,14.0,completed,BUS016,45,Heavy Rain,Medium,None
T030136,2026-09-03,R106,University - Railway Station,MMMUT Campus,Railway Station,2026-09-03 17:30:00,2026-09-03 17:40:00,2026-09-03 17:48:00,2026-09-03 17:59:00,18.0,completed,BUS001,33,Clear,Low,Festival
T030137,2026-09-03,R107,Taramandal - City Center,Taramandal,Central Bus Stand,2026-09-03 16:30:00,2026-09-03 16:38:30,2026-09-03 16:55:00,2026-09-03 17:02:00,25.0,completed,BUS018,50,Cloudy,Severe,None
T030138,2026-09-03,R108,Airport - University,Airport Terminal,MMMUT Campus,2026-09-03 16:20:00,2026-09-03 16:32:00,,,,cancelled,BUS005,26,Rain,Medium,None
T030139,2026-09-03,R109,Medical College - University,Medical College,MMMUT Campus,2026-09-03 07:20:00,2026-09-03 07:27:30,2026-09-03 07:30:00,2026-09-03 07:38:00,10.0,completed,BUS016,31,Clear,Low,None
T030140,2026-09-03,R110,Gorakhnath - City Center,Gorakhnath,Central Bus Stand,2026-09-03 08:40:00,2026-09-03 08:45:30,2026-09-03 08:57:00,2026-09-03 09:08:00,17.0,completed,BUS001,35,Rain,Medium,None
T030141,2026-09-03,R101,City Center - University,Central Bus Stand,MMMUT Campus,2026-09-03 13:20:00,2026-09-03 13:28:00,2026-09-03 13:37:00,2026-09-03 13:49:00,17.0,completed,BUS003,18,Cloudy,High,None
T030142,2026-09-03,R102,Railway Station - Airport,Railway Station,Airport Terminal,2026-09-03 08:20:00,2026-09-03 08:31:00,2026-09-03 08:36:00,2026-09-03 08:43:00,16.0,completed,BUS005,8,Cloudy,Medium,None
T030143,2026-09-03,R103,University - Civil Lines,MMMUT Campus,Civil Lines,2026-09-03 13:40:00,2026-09-03 13:47:00,2026-09-03 13:45:00,2026-09-03 13:50:00,5.0,completed,BUS028,32,Clear,Medium,None
T030144,2026-09-03,R104,Medical College - City Center,Medical College,Central Bus Stand,2026-09-03 06:40:00,2026-09-03 06:49:00,2026-09-03 06:58:00,2026-09-03 07:05:00,18.0,completed,BUS007,23,Fog,Medium,None
T030145,2026-09-03,R105,Golghar - Railway Station,Golghar,Railway Station,2026-09-03 09:10:00,2026-09-03 09:16:30,2026-09-03 09:18:00,2026-09-03 09:24:00,8.0,completed,BUS002,45,Clear,Medium,Local Event
T030146,2026-09-03,R106,University - Railway Station,MMMUT Campus,Railway Station,2026-09-03 13:50:00,2026-09-03 14:00:00,2026-09-03 14:03:00,2026-09-03 14:14:00,13.0,completed,BUS014,43,Clear,Medium,Local Event
T030147,2026-09-03,R107,Taramandal - City Center,Taramandal,Central Bus Stand,2026-09-03 10:30:00,2026-09-03 10:38:30,2026-09-03 10:41:00,2026-09-03 10:49:00,11.0,completed,BUS027,50,Rain,Low,None
T030148,2026-09-03,R108,Airport - University,Airport Terminal,MMMUT Campus,2026-09-03 17:40:00,2026-09-03 17:52:00,2026-09-03 18:03:00,2026-09-03 18:13:00,23.0,completed,BUS026,17,Cloudy,Low,Festival
T030149,2026-09-03,R109,Medical College - University,Medical College,MMMUT Campus,2026-09-03 15:30:00,2026-09-03 15:37:30,2026-09-03 15:37:00,2026-09-03 15:43:00,7.0,completed,BUS025,16,Clear,High,None
T030150,2026-09-03,R110,Gorakhnath - City Center,Gorakhnath,Central Bus Stand,2026-09-03 15:20:00,2026-09-03 15:25:30,2026-09-03 15:29:00,2026-09-03 15:36:00,9.0,completed,BUS030,12,Cloudy,Medium,Local Event
T030151,2026-09-03,R101,City Center - University,Central Bus Stand,MMMUT Campus,2026-09-03 09:20:00,2026-09-03 09:28:00,2026-09-03 09:20:00,2026-09-03 09:27:00,0.0,completed,BUS004,31,Clear,Medium,None
T030152,2026-09-03,R102,Railway Station - Airport,Railway Station,Airport Terminal,2026-09-03 10:30:00,2026-09-03 10:41:00,2026-09-03 10:46:00,2026-09-03 10:58:00,16.0,completed,BUS020,19,Heavy Rain,Low,None
T030153,2026-09-03,R103,University - Civil Lines,MMMUT Campus,Civil Lines,2026-09-03 16:00:00,2026-09-03 16:07:00,2026-09-03 16:07:00,2026-09-03 16:13:00,7.0,completed,BUS017,47,Clear,High,None
T030154,2026-09-03,R104,Medical College - City Center,Medical College,Central Bus Stand,2026-09-03 09:10:00,2026-09-03 09:19:00,2026-09-03 09:26:00,2026-09-03 09:36:00,16.0,completed,BUS017,40,Heavy Rain,Low,None
T030155,2026-09-03,R105,Golghar - Railway Station,Golghar,Railway Station,2026-09-03 20:00:00,2026-09-03 20:06:30,2026-09-03 20:03:00,2026-09-03 20:13:00,3.0,completed,BUS024,29,Cloudy,Medium,None
T030156,2026-09-03,R106,University - Railway Station,MMMUT Campus,Railway Station,2026-09-03 13:10:00,2026-09-03 13:20:00,2026-09-03 13:16:00,2026-09-03 13:23:00,6.0,completed,BUS013,35,Clear,Low,None
T030157,2026-09-03,R107,Taramandal - City Center,Taramandal,Central Bus Stand,2026-09-03 19:20:00,2026-09-03 19:28:30,2026-09-03 19:34:00,2026-09-03 19:44:00,14.0,completed,BUS029,30,Rain,Low,None
T030158,2026-09-03,R108,Airport - University,Airport Terminal,MMMUT Campus,2026-09-03 06:00:00,2026-09-03 06:12:00,2026-09-03 06:19:00,2026-09-03 06:30:00,19.0,completed,BUS017,18,Clear,High,None
T030159,2026-09-03,R109,Medical College - University,Medical College,MMMUT Campus,2026-09-03 11:10:00,2026-09-03 11:17:30,2026-09-03 11:18:00,2026-09-03 11:28:00,8.0,completed,BUS005,29,Cloudy,Medium,None
T030160,2026-09-03,R110,Gorakhnath - City Center,Gorakhnath,Central Bus Stand,2026-09-03 19:30:00,2026-09-03 19:35:30,2026-09-03 19:35:00,2026-09-03 19:40:00,5.0,completed,BUS003,41,Clear,Low,None
T030161,2026-09-03,R101,City Center - University,Central Bus Stand,MMMUT Campus,2026-09-03 20:00:00,2026-09-03 20:08:00,2026-09-03 20:17:00,2026-09-03 20:29:00,17.0,completed,BUS029,37,Clear,High,Road Work
T030162,2026-09-03,R102,Railway Station - Airport,Railway Station,Airport Terminal,2026-09-03 10:30:00,2026-09-03 10:41:00,2026-09-03 10:41:00,2026-09-03 10:48:00,11.0,completed,BUS010,29,Clear,Medium,None
T030163,2026-09-03,R103,University - Civil Lines,MMMUT Campus,Civil Lines,2026-09-03 09:20:00,2026-09-03 09:27:00,2026-09-03 09:29:00,2026-09-03 09:36:00,9.0,completed,BUS009,48,Clear,Low,Local Event
T030164,2026-09-03,R104,Medical College - City Center,Medical College,Central Bus Stand,2026-09-03 08:10:00,2026-09-03 08:19:00,2026-09-03 08:17:00,2026-09-03 08:30:00,7.0,completed,BUS029,25,Clear,Medium,None
T030165,2026-09-03,R105,Golghar - Railway Station,Golghar,Railway Station,2026-09-03 10:30:00,2026-09-03 10:36:30,2026-09-03 10:37:00,2026-09-03 10:42:00,7.0,completed,BUS006,24,Clear,High,None
T030166,2026-09-03,R106,University - Railway Station,MMMUT Campus,Railway Station,2026-09-03 09:00:00,2026-09-03 09:10:00,2026-09-03 09:23:00,2026-09-03 09:34:00,23.0,completed,BUS022,46,Rain,High,Festival
T030167,2026-09-03,R107,Taramandal - City Center,Taramandal,Central Bus Stand,2026-09-03 19:10:00,2026-09-03 19:18:30,2026-09-03 19:23:00,2026-09-03 19:34:00,13.0,completed,BUS029,23,Clear,Medium,None
T030168,2026-09-03,R108,Airport - University,Airport Terminal,MMMUT Campus,2026-09-03 19:10:00,2026-09-03 19:22:00,2026-09-03 19:25:00,2026-09-03 19:35:00,15.0,completed,BUS013,31,Clear,Medium,None
T030169,2026-09-03,R109,Medical College - University,Medical College,MMMUT Campus,2026-09-03 07:00:00,2026-09-03 07:07:30,2026-09-03 07:18:00,2026-09-03 07:26:00,18.0,completed,BUS029,42,Clear,Severe,None
T030170,2026-09-03,R110,Gorakhnath - City Center,Gorakhnath,Central Bus Stand,2026-09-03 09:30:00,2026-09-03 09:35:30,2026-09-03 09:36:00,2026-09-03 09:42:00,6.0,completed,BUS003,33,Clear,Low,None
T030171,2026-09-03,R101,City Center - University,Central Bus Stand,MMMUT Campus,2026-09-03 13:10:00,2026-09-03 13:18:00,2026-09-03 13:27:00,2026-09-03 13:32:00,17.0,completed,BUS020,43,Rain,Medium,None
T030172,2026-09-03,R102,Railway Station - Airport,Railway Station,Airport Terminal,2026-09-03 19:30:00,2026-09-03 19:41:00,2026-09-03 19:50:00,2026-09-03 20:03:00,20.0,completed,BUS015,31,Cloudy,High,None
T030173,2026-09-03,R103,University - Civil Lines,MMMUT Campus,Civil Lines,2026-09-03 13:20:00,2026-09-03 13:27:00,2026-09-03 13:25:00,2026-09-03 13:30:00,5.0,completed,BUS016,50,Clear,Medium,None
T030174,2026-09-03,R104,Medical College - City Center,Medical College,Central Bus Stand,2026-09-03 17:00:00,2026-09-03 17:09:00,2026-09-03 17:10:00,2026-09-03 17:21:00,10.0,completed,BUS009,43,Cloudy,Medium,None
T030175,2026-09-03,R105,Golghar - Railway Station,Golghar,Railway Station,2026-09-03 08:10:00,2026-09-03 08:16:30,2026-09-03 08:15:00,2026-09-03 08:22:00,5.0,completed,BUS010,37,Clear,Medium,None
T030176,2026-09-03,R106,University - Railway Station,MMMUT Campus,Railway Station,2026-09-03 14:20:00,2026-09-03 14:30:00,2026-09-03 14:42:00,2026-09-03 14:53:00,22.0,completed,BUS008,41,Clear,Severe,None
T030177,2026-09-03,R107,Taramandal - City Center,Taramandal,Central Bus Stand,2026-09-03 20:30:00,2026-09-03 20:38:30,2026-09-03 20:57:00,2026-09-03 21:07:00,27.0,completed,BUS006,25,Heavy Rain,Medium,Festival
T030178,2026-09-03,R108,Airport - University,Airport Terminal,MMMUT Campus,2026-09-03 18:10:00,2026-09-03 18:22:00,2026-09-03 18:31:00,2026-09-03 18:42:00,21.0,completed,BUS029,50,Cloudy,Severe,None
T030179,2026-09-03,R109,Medical College - University,Medical College,MMMUT Campus,2026-09-03 19:40:00,2026-09-03 19:47:30,2026-09-03 19:46:00,2026-09-03 19:51:00,6.0,completed,BUS015,32,Cloudy,Medium,None
T030180,2026-09-03,R110,Gorakhnath - City Center,Gorakhnath,Central Bus Stand,2026-09-03 15:10:00,2026-09-03 15:15:30,2026-09-03 15:19:00,2026-09-03 15:26:00,9.0,completed,BUS012,31,Clear,Low,Festival
